,K,logP,e,w,num_of_planets
0,303472.3506,5.787156747,-0.232263867,-14.05932666,1
1,29.03667039,6.308053802,0.173182271,-1448.230952,1
2,119.4919251,6.905409138,0.076306891,2.868324258,1
3,50.96987057,6.164652879,-0.034049343,-4.516014017,0
4,33.62696669,6.114899366,-0.185365605,-0.094277905,0
5,113.9501761,1.769150721,0.468722586,-21.37423289,0
6,272.7859897,5.814400021,0.289170511,5.348453806,1
7,118.7040633,6.174272096,-0.506925632,0.523011442,1
8,46.10292861,7.006461321,0.153651593,1699.295251,2
9,53.57414649,7.0037507,0.09692842,11.51357487,2
10,37.503778,6.825963901,0.206440011,1604.68099,2
11,49.54090262,7.010285999,0.068533562,-13.73842456,2
12,47.51387927,6.980774283,0.063460117,-1.074378293,2
13,50.75844541,6.982956914,-0.046113067,-16.30852642,2
14,55.87701818,1.442374691,0.012517314,-5.303058598,1
15,55.59844781,1.443188317,0.02025466,0.087695672,1
16,43.2821712,3.508422057,-0.847021889,207.3280797,1
17,15.2150127,4.130965037,-0.569463527,76.35572964,0
18,16.30201036,4.130315792,0.647658302,142.2931955,0
19,69.75246806,2.684522993,-0.159303144,98.33371001,2
20,71.64729723,2.684581409,0.031657031,-319.7841868,2
21,74.44600908,2.684440645,0.066047248,18.11941309,2
22,69.59995531,2.687032207,-0.018385198,5.054570862,2
23,46.64963521,3.453891721,-0.369975119,-67.60520869,2
24,36.20597012,6.801533551,0.135152385,-37.24022116,1
25,5.461708613,5.250956408,-0.327492504,-605.2214228,2
26,2.869116266,3.874761355,-0.15732982,-174.8305013,2
27,44.53743254,6.638857511,0.134185498,0.248939228,1
28,316.7911805,4.759502272,0.401875698,-50.29006333,1
29,314.1130843,4.759514995,0.397135722,-0.010408332,1
30,38.09238113,6.540318765,-0.116706457,-0.262133488,1
31,11.84476065,4.324619723,-0.246759054,-159.4116434,0
32,62.79860243,6.859056659,-0.20620592,25.04691436,1
33,5.767122381,3.697828724,0.448706801,189.2267581,0
34,40.22491994,5.941605231,-0.146502027,124.1933746,0
35,50.33625814,5.578170819,0.328640075,20.09839713,0
36,13.62813351,5.465644073,-0.208931404,-51.04281897,0
37,53.3713068,2.595314377,0.461200669,33.96854718,0
38,63.59891529,3.531745284,-0.754635917,86.36548598,0
39,147.5124599,6.307414858,-0.436708724,-31.63121491,0
40,44.75843631,6.391301805,0.011125446,-191.6457661,0
41,307.3070128,3.404989377,0.688180053,0.128469591,0
42,43.27351391,2.656220422,0.472518272,0.25047502,0
43,44.849165,6.370858108,-0.090878508,-8.638583975,0
44,35.73039553,6.502751033,-0.195534208,7.902792766,0
45,258.1468663,2.652064056,0.787219598,1.631642341,1
46,550.0134958,0.563785516,0.141818157,0.687588332,1
47,607.3764884,0.550932445,0.121165448,-0.791063835,1
48,664.6655391,4.918330626,0.682026931,-39.38169029,1
49,216.3355054,4.829927914,0,0,1
50,250.9028532,4.850124329,0.961508103,106.330319,0
51,128.3615779,6.035054274,0.062607738,-4.367199027,0
52,34.04548719,4.031560167,0.940651755,132.7772363,0
53,17.4451556,7.825167562,-0.122490059,-420.4040826,0
54,26.41966838,4.046315401,-0.46098238,-254.3875498,0
55,35.85708871,6.061284464,-0.104386134,25.80712643,0
56,95.81285173,6.388484454,-0.150532554,-1.491781343,0
57,208.2608781,6.060332902,-0.143600542,-81.21533858,0
58,1540.961591,8.920519356,-0.478967585,1.243644151,0
59,504.3254945,8.506418895,0.01928342,20492.38276,0
60,12.06042491,0.452450364,0.174996124,-1.6671002,1
61,10.75904305,5.104483409,0.702787545,-661.489511,0
62,17.06205117,3.950878519,-0.624566361,-38.02503136,0
63,5.477601331,3.685188987,0.506765728,-56.88990147,0
64,74.9604925,6.35985796,-0.908624349,6.766836711,1
65,26.167974,7.740379851,-0.200609166,-8334.707822,1
66,166.8797565,4.895733751,0.513828998,17.64294862,1
67,83.85731091,6.509044569,0.394390456,0.621353986,2
68,41.8868236,8.310756156,0.276500559,-1.189311972,1
69,5.227138146,4.889604979,-0.246301539,399.4245343,1
70,30.42452934,6.55880206,-0.872652583,0.83349508,1
71,5.276025635,1.871629027,0.726164566,-14.27327137,1
72,10.57928183,2.867607734,0.797481865,-124.8517745,1
73,12.88981459,5.358171865,0.718043258,76.64931787,1
74,8.300807606,5.335618287,0.294796576,43.82367218,1
75,12.75447632,1.680579737,0.012671176,-4.368134293,2
76,13.29888656,6.400504547,0.313857734,-18.73208447,1
77,7.578990306,3.548067685,0.094666258,-91.32425553,1
78,133.1842656,6.981914627,0.30079935,1.658610436,2
79,204.6690272,5.338850137,-0.790506195,-2073.708644,0
80,17.87672549,8.221198271,0.390834129,0.268027583,0
81,15.00054087,8.13056188,-0.173412343,2.269330334,2
82,28.52279059,7.40935851,0.753079823,-302.3308926,1
83,332.2700092,4.112175864,0.309520778,-11.54651591,1
84,636.9447985,3.528227762,-0.700650201,-14.11203411,1
85,212.5677497,4.109211462,-0.158095645,108.0326831,2
86,237.6720543,4.108706048,0.234308936,-6.500935301,2
87,226.1577938,4.109225109,0.204818396,63.27391266,2
88,216.712926,4.109290534,-0.137953932,-24.09713559,2
89,13.15312901,4.049697407,-0.363852911,-18.26055144,0
90,9.298398104,2.17672429,0.699931934,5.025337862,0
91,745.6937617,1.385919891,0.047751065,-1.132912272,0
92,1355.113324,7.785364891,-0.999971339,2.473564935,0
93,20.36017556,0.398268225,0.805058474,-15.83893926,1
94,59.81870331,1.496293821,-0.099519111,-8.224371078,1
95,67.48015566,1.27650102,-0.394173005,0.805704007,1
96,5676.978203,2.411110326,-0.786260112,-56.45587889,1
97,124.8372346,1.500452083,0.421858778,-15.49768318,1
98,129.7062564,2.32203057,0.450641079,122.4597272,1
99,176.7178255,1.026594667,0.330969049,-6.502378382,1
100,99.53204863,3.49868331,0.222086378,-5.301638526,1
101,208.6466585,0.787360122,-0.013553566,0.237329874,1
102,274.6745929,2.94741603,-0.948257253,67.66862274,1
103,222.6003939,1.391678476,-0.34948227,5.957700778,1
104,48.36946245,5.057596697,0.128378855,-14.04952535,1
105,34.88105016,5.058968713,-0.089375772,-7.268656188,1
106,34.9036122,5.949852241,0.358257102,-964.0734313,1
107,18.07396322,4.255106086,0.109153006,161.4647401,1
108,12.9467225,3.702499409,0.60303999,165.9603624,1
109,10.23188634,3.029064704,-0.016517379,-11.31167545,1
110,14.02807438,3.704830679,0.566252949,159.4471737,1
111,64.41326466,1.411923102,-0.125022615,-0.845750859,1
112,4361.017803,3.716791411,0.930182841,-2.799879639,1
113,65.59966872,1.454246007,-0.097567261,-1.787319843,1
114,19.66185202,4.34764566,0.999765803,799.2294849,1
115,4.588005305,3.093605563,-0.930776181,241.2954494,0
116,26.82144891,2.928014506,0.945794964,12.96587019,0
117,12.81243513,5.094216691,0.532903132,0.62905559,0
118,160.8852361,5.289204857,0.027571537,-145.4659654,1
119,166.870069,5.295841104,0.090269969,-21.57947299,1
120,160.042985,6.97487817,0.099770304,152.1242395,1
121,160.5967935,6.972921255,0.115030107,-42.61239791,1
122,146.7016501,7.37624027,0.471932494,2581.204499,1
123,143.1933002,7.467005281,0.495444321,-1.019242456,1
124,100.8927274,7.305933177,-0.1391877,-2.689559643,1
125,18.89801081,6.912592863,0.153551211,-13.09282121,1
126,114.9049779,6.980803672,-0.099306016,5.080160777,1
127,119.3387023,6.977380005,0.12158736,1.962931942,1
128,111.3669912,6.919604574,-0.100394637,-1.44178501,1
129,115.929257,6.980826249,-0.090792672,5.161715008,1
130,1.373949896,4.163078421,0.525966071,-111.4908516,0
131,2.774018105,2.684656646,0.195548639,-30.04281276,0
132,6.457392681,13.16059321,-0.97243228,-0.624698433,0
133,7.762712404,3.318195132,0.482532894,223.6025794,0
134,11.41753846,3.872878886,0.15502736,-28.38756335,1
135,5.904177219,4.688025786,-0.598459389,82.25550424,0
136,34.20989662,4.898770506,0.955796187,-756.3540229,0
137,15.47842275,3.791035403,-0.408309402,1.061044338,1
138,35.64916567,2.388888734,0.498176869,-0.718267029,1
139,41.3152629,6.016105169,-0.026046071,503.8638086,2
140,35.72444327,5.97724985,-0.056355833,-9.144366564,2
141,14.68226346,5.254957459,-0.241562427,-16.72074749,2
142,34.12965255,5.979856865,0.088074082,-40.1693384,2
143,4.440059738,8.026037619,-0.499758743,-41085.13608,0
144,23.12430299,4.522378399,0.924411872,-96.85781283,0
145,49.80582183,2.395954333,0.772539642,0.335274794,1
146,159.4826345,7.041576437,-0.200888592,-7.724230629,1
147,160.6428878,7.028920459,0.195712791,1.529895253,1
148,34.33001475,6.84403599,0.231037816,-190.002892,1
149,9.538064715,5.709965452,0.687154187,12.00628976,1
150,16.10996184,5.946921241,0.540738997,207.9171023,0
151,25.58590479,5.832445771,-0.153030242,-63.49745187,0
152,18.14628704,7.03442845,-0.325205937,-1.872995866,1
153,18.88423601,7.018189808,-0.178200032,-7.765432983,1
154,615.3117926,4.429485198,-0.336276394,50.64585472,1
155,616.9610538,4.429749461,-0.379926718,0.345372858,1
156,30.89960876,6.213665598,0.090188653,7.521345015,2
157,27.24945819,6.215872716,0.103655181,-4.576847117,2
158,31.81726712,6.878476788,-0.620176563,-1.539664757,2
159,89.46319571,7.268646342,-0.425691386,-1091.69636,2
160,32.01772941,5.45795742,0.408559139,-0.459054918,0
161,52.99893449,4.715139548,-0.696270587,-99.55732484,0
162,2.534673537,3.640419332,0.354166986,352.4769934,0
163,7.427423602,8.572152345,0.113949453,-3413.514621,0
164,14.15918113,3.900478416,0.067951999,-58.23330595,0
165,316.1486987,4.759490007,0.400593835,-0.016407274,0
166,313.5172596,4.759551325,0.397385693,-0.044713112,0
167,313.5161622,4.759420583,0.397526474,-144.5385883,0
168,26.41364913,7.862303696,0.149001816,1.215212099,1
169,30.10970936,7.898734027,-0.146448103,-1.628608165,1
170,12.46959801,3.251329301,0.382752085,-27.01466799,1
171,11.50810582,3.249760369,0.355633289,-20.54113269,1
172,214.0433229,1.813656964,-0.297712494,-6.721733462,1
173,10.53163974,7.606957435,-0.144985486,-1.185309877,2
174,9.020586152,7.603528552,0.09186761,-218.3135562,2
175,116.9676128,7.643290473,0.852168884,-3.962413527,1
176,234.8027245,4.279983117,0.459534834,-1135.46971,0
177,317.6888177,5.967634971,0.374308303,-1040.776461,0
178,55.8435367,4.148387604,-0.032478633,-17.40267728,1
179,85.05724728,6.224652662,0.411912886,0.564802227,2
180,76.68465711,5.571908658,0.313213837,-1.417131484,2
181,83.82735517,5.577381033,0.205947572,86.07432314,2
182,85.43064486,5.547259893,-0.273608763,-254.7074457,2
183,90.87309222,5.579914952,0.40910299,4.602504453,2
184,74.43530369,5.58244743,0.259797108,149.1665297,2
185,78.20333585,5.56830148,0.339933016,-434.8940205,2
186,82.44836725,5.576030821,0.221256954,-491.8314198,2
187,411.1783506,10.66237366,0.994896546,2.891102365,0
188,83.99485575,6.241871242,0.370318192,5.144928499,2
189,97.89235051,6.822211468,0.485742696,459.5617945,2
190,108.8758769,6.826314257,0.441200509,0.993587914,2
191,38.18340907,7.518409483,0.704767291,9955.427319,1
192,184.3539642,4.372261626,0.850968053,-44.18376338,1
193,115.6293386,2.372526315,0.049375942,16.1913958,1
194,108.4629897,2.371002274,0.018537637,-7.811706377,1
195,359.4792624,7.57619089,-0.637521997,-0.528426144,1
196,105.9563149,6.88395108,-0.32174951,0.739267743,1
197,26.12635868,7.345065845,-0.218587289,-6.588053542,0
198,346.3319231,5.062454501,0.402175566,-683.8971642,0
199,53.71876412,5.578267642,0.376862277,-0.25710413,2
200,49.82102681,5.559831774,0.252373693,-18.85147992,2
201,50.13635188,5.551249641,0.212512614,-12.63724642,2
202,52.3250927,5.552751209,0.24487265,-18.93012106,2
203,49.41112025,5.553352227,0.19611557,-6.490758065,2
204,50.1955098,5.559143683,0.236643317,-0.112664817,2
205,212.8143725,7.083768638,0.352108709,-0.84856258,0
206,212.0879706,7.098210458,0.366496267,-0.783195125,0
207,210.4236543,7.112350673,0.352823627,18.05836361,0
208,215.0524912,6.966200317,-0.316003166,-6723.340592,0
209,8.213033423,5.176210525,0.449622415,-6.591373468,2
210,42.0581802,6.147670444,-0.174575104,-3.064866376,1
211,951.4087627,7.192704134,-0.297164786,-8702.003427,0
212,161.171186,7.028009402,0.109338983,-8.392196867,1
213,5.122411885,4.799047565,0.266729826,-187.5714101,0
214,5.126179507,0.987816868,-0.485007448,4.159710907,0
215,13.50222789,9.473836121,-0.538934454,0.381904649,0
216,674.3583285,4.949602525,0.976267776,-370.9219156,0
217,234.5243399,6.481931963,-0.41381905,132.0817179,1
218,97.42573914,7.560263446,-0.55156139,131.7985291,0
219,10.02246894,3.581289659,-0.264053415,-17.99799006,0
220,14.83896451,6.80201009,0.501883856,-2620.333793,0
221,26.70909661,8.376926653,-0.279977849,2439.847846,0
222,57.45351774,5.902034569,0.54769946,-2.446829542,0
223,833.8697091,7.955825167,-0.996679572,0.465071465,2
224,29.54838594,5.824774809,0.371322692,327.9711866,2
225,55.11129112,5.807807267,0.930826893,-1.729424692,1
226,62.97188076,6.990154642,-0.177538915,100.6583542,1
227,242.7328626,4.644011537,-0.306985865,219.1761352,1
228,71.74075679,5.166256303,0.135677027,-7.215956057,1
229,3.474332259,3.175620212,-0.401888487,-39.49798665,2
230,2.688326725,1.720658043,-0.256392611,14.13909392,2
231,7.468548361,7.794146208,-0.347999126,-4.776729706,0
232,5.158438595,3.872558598,0.208217675,176.2247111,0
233,1120.387962,1.728356278,0.627679835,-21.71060789,0
234,529.2197361,2.016700705,-0.428496747,-11.53749993,0
235,1205.556822,2.54348365,-0.702582827,-5.9125506,0
236,976.7129311,1.730360669,-0.517763262,0.171955781,0
237,29.31264664,6.269309723,-0.259749818,14.35445778,1
238,27.19632825,5.804052288,-0.131553391,-4.574768487,1
239,353.5242458,3.273297324,0.797375824,-87.68224137,1
240,51.44325812,1.810681182,0.714176618,14.29986263,1
241,163.5835237,1.408119751,-0.079355673,3.888171796,1
242,416.2024403,1.900896084,0.79571715,0.132130045,1
243,856.8007273,0.222076759,-0.273170355,0.497322938,0
244,11.36485051,5.016887057,0.424099237,-37.86510332,0
245,12.03423087,3.810902541,-0.38733837,-44.45811592,0
246,8.472625983,5.560397785,0.991175158,-2382.29447,0
247,74.6657083,7.647953091,0.667430266,5.740911713,1
248,69.15641654,6.213455953,0.343531539,-26.03732249,1
249,14.61339006,8.100060903,-0.162000714,0.297775674,1
250,276.0466386,3.78851612,-0.018788321,-155.2296645,1
251,52.78661775,3.418333665,0.243983816,-69.93467405,2
252,44.17006883,6.013112026,0.58864152,-62.19125223,2
253,30.99374432,5.266803118,0.158857895,-78.97090716,2
254,32.46232634,5.271086056,0.230719463,-192.7561347,2
255,576.7621184,4.87629146,0.704729125,-26.8039796,2
256,3.003003534,5.945048944,0.621633612,-32.3427747,0
257,3.289133451,0.107969172,-0.567756464,-0.728744429,0
258,9.623429045,4.792934032,-0.776456366,95.72688647,0
259,15.77445318,4.511372459,-0.416192467,120.485782,0
260,33.53230798,7.249181302,-0.183318998,0.040435357,2
261,53.69156172,6.611163952,-0.624642865,2.181867128,2
262,44.52440879,6.541055073,-0.286890599,1.817365463,2
263,39.74906029,6.492203219,-0.172190113,1.828840238,2
264,10.77811405,4.328352226,-0.277211542,-65.25017119,1
265,35.51673421,5.980867272,-0.603242598,0.933876321,0
266,94.59145133,6.897223909,-0.59863295,358.8636336,1
267,817.9513793,9.364121259,-0.406023115,1.511443539,0
268,66.79770609,5.508869549,0.629111316,6.969638505,0
269,2991.445945,11.20479212,0.273065162,-0.814940068,0
270,1809.940424,2.13158444,0.276856752,-24.63345697,1
271,52.98133018,4.32564094,-0.733191341,-252.6668973,2
272,6.099569311,5.790440348,-0.633963291,-3241.620018,1
273,235.3568489,2.822820535,0.947262128,-147.5195978,1
274,2229.296491,4.687225388,0.551421488,-0.053834822,0
275,80.42973038,6.47232924,0.606232645,-5.410802669,1
276,7.652989642,7.046947068,-0.095876874,-5.983298308,2
277,55.42559966,5.372252885,0.61383426,19.036767,0
278,18.10724938,5.167138162,0.174480256,-300.4261237,0
279,32.66290627,6.023023418,-0.028811781,-3.130929077,1
280,33.31049762,6.034747447,-0.102330785,23.40421008,1
281,408.2359746,6.141924144,-0.067811151,0.909726446,0
282,407.6645847,6.146060241,0.086757436,-2.034811308,0
283,416.0846713,6.151885408,0.104915765,105.0922596,0
284,438.0838937,4.061114868,-0.542547298,-6.428116119,2
285,1224.586018,4.058022384,-0.769983777,68.91002251,2
286,481.5256573,4.077346274,0.449445232,-39.71846604,2
287,466.7327127,4.062504969,-0.431298151,0.051158554,2
288,680.7899784,7.352288876,-0.51531709,-633.9462244,2
289,426.5326934,4.06091514,-0.538512025,175.8272545,2
290,11.5006837,2.926895362,0.816354847,-38.14948236,0
291,10.19679889,6.630193265,0.130710538,-3769.608617,0
292,11.64792897,12.46435307,-0.927206506,-1.648944722,0
293,15.67962284,4.291612655,0.881138539,0.300964316,0
294,29.48283241,4.827039501,0.344685504,-187.6194625,1
295,26.93674871,1.856832363,0.080869593,6.565372639,1
296,1034.232023,5.680685258,-0.487292873,-0.115833239,0
297,83.05495,5.435563776,-0.349823083,0.04019519,2
298,12.01985198,7.041378665,0.124280491,-5.700447766,1
299,63.26394451,5.741495092,0.150099973,11.67783677,0
300,545.8218018,4.046480838,0.929481701,-5.932399221,1
301,76.12154248,0.512879607,0.177058616,-0.415381591,1
302,25.26301396,5.520118569,0,0,1
303,47.66605196,4.416050042,-0.090236839,-0.057299657,1
304,159.8243599,3.055184487,0.472938951,-42.13420777,1
305,184.9565679,2.336908788,-0.514794086,-0.971847275,1
306,119.8235377,0.217259435,-0.034404885,-0.660019766,1
307,276.7684645,3.054847187,0.681154372,-110.9772017,1
308,184.9638003,2.337058728,-0.514781471,-0.971536977,1
309,2.539442905,5.230958682,0.404742103,-678.3235052,0
310,51.44056543,5.779975811,-0.201982565,32.74551769,1
311,60.75175738,5.736607057,0.389074627,3.954243663,1
312,1859.672687,5.910849403,0.842019372,-2.786114471,0
313,139.7183088,7.571459564,0.36466408,-38.26383658,0
314,161.972196,7.162688092,-0.54168607,-499.8178269,1
315,14.04540555,5.694845567,-0.308722464,-6.302981683,1
316,32.72672715,6.017136199,0.09375717,-9.202901454,2
317,33.0568079,5.9696001,0.403200489,-12.38554152,2
318,347.386531,4.269793442,-0.137780332,-0.135117685,0
319,343.9132256,4.26928727,-0.115903024,-0.233249884,0
320,339.2929094,4.269166325,0.122455512,-22.182824,0
321,6.500560747,2.672604432,-0.107062526,28.45703126,1
322,250.9028532,4.850124329,0.961508103,106.330319,0
323,5.999860208,2.806739987,0.997360076,-70.41302346,1
324,79.73439406,5.151326863,0.131031032,121.8134521,1
325,91.76437206,6.180582556,-0.496465164,1.431950942,1
326,111.3691236,4.935561524,0.160119661,781.2705293,1
327,338.3638632,5.988720728,0.251748728,-0.978031546,1
328,31.00462779,6.175085171,0.082705887,23.68332592,1
329,52.27509319,6.498067453,0.176112301,-1.208974512,1
330,19.86781341,7.027216899,0.147459488,0.21295689,2
331,5.082685438,5.272838895,0.397433435,18.69532041,0
332,3.03380622,3.417800804,-0.020186598,-70.49256836,0
333,3.03380622,3.417800804,-0.020186598,-70.49256836,0
334,3.03380622,3.417800804,-0.020186598,-70.49256836,0
335,77.33397102,6.490219531,-0.483291228,-24.33031037,2
336,104.8132769,6.453477893,-0.490743476,0.698113783,2
337,1111.264557,6.541098394,0.667634401,-41.68499168,0
338,3.13877181,5.953734916,-0.479627734,-5533.500471,0
339,3.13877181,5.953734916,-0.479627734,-5533.500471,0
340,3.13877181,5.953734916,-0.479627734,-5533.500471,0
341,8.870777491,3.59671723,-0.801843814,-98.49659789,0
342,8.870777491,3.59671723,-0.801843814,-98.49659789,0
343,8.870777491,3.59671723,-0.801843814,-98.49659789,0
344,337.8115041,3.407516941,-0.774451711,6.576287001,1
345,91.15470421,1.922717772,-0.215183187,-12.37678619,1
346,64.30558753,5.581594958,-0.565631855,16.91822409,0
347,64.30558753,5.581594958,-0.565631855,16.91822409,0
348,64.30558753,5.581594958,-0.565631855,16.91822409,0
349,15.07561234,6.974052482,-0.106802944,-0.278967259,1
350,54.59253816,2.886996838,-0.777466508,134.2780542,2
351,39.59016633,3.06918827,0.311590788,-44.16246203,2
352,56.52368285,2.838232709,-0.806223963,-48.32501887,2
353,22.72394405,7.831486668,0.403959862,-40374.78908,0
354,22.72394405,7.831486668,0.403959862,-40374.78908,0
355,22.72394405,7.831486668,0.403959862,-40374.78908,0
356,37.65723801,6.130388994,-0.119011865,-24.22455669,1
357,40.50063937,6.155406318,-0.241478594,-23.90686277,1
358,6.991748146,4.180029429,0.325942134,50.41297046,0
359,6.991748146,4.180029429,0.325942134,50.41297046,0
360,6.991748146,4.180029429,0.325942134,50.41297046,0
361,5.643938699,0.628670758,0.607149973,7.328720962,0
362,5.643938699,0.628670758,0.607149973,7.328720962,0
363,5.643938699,0.628670758,0.607149973,7.328720962,0
364,19.05423247,10.81737184,-0.931133938,12.60161941,0
365,19.05423247,10.81737184,-0.931133938,12.60161941,0
366,19.05423247,10.81737184,-0.931133938,12.60161941,0
367,15.35999468,5.09881719,0.939196839,-633.1247724,0
368,15.35999468,5.09881719,0.939196839,-633.1247724,0
369,15.35999468,5.09881719,0.939196839,-633.1247724,0
370,34.85014878,3.68461814,-0.230719853,-156.2062531,0
371,13.05248547,0.923375162,0.232025456,-26.25699948,1
372,139.8778363,1.68184469,0.534583624,13.8280712,1
373,90.7630918,7.042972654,0.499984447,-35.9394257,0
374,161.0657756,9.913635442,0.268654754,-78093.38219,2
375,24.59619684,7.98649051,0.312992687,6.734920669,2
376,36.31542255,6.945250028,-0.175549201,-5.358529914,1
377,808.4307566,4.216972444,0.158053112,0.093869224,0
378,34.42764071,4.310169484,-0.201777094,151.2521333,1
379,60.21498464,3.192422352,0.017888607,-19.96380912,1
380,68.2771206,3.192879732,-0.219034889,18.37933245,1
381,2.933948131,4.31319905,-0.161634546,-100.8981526,2
382,51.47043141,5.863412822,0.148431437,57.48222172,1
383,1.870323963,3.33238638,0.33664802,0.827566,0
384,1.870323963,3.33238638,0.33664802,0.827566,0
385,1.870323963,3.33238638,0.33664802,0.827566,0
386,9.161295318,3.924893384,0.284533,-0.49946339,0
387,9.161295318,3.924893384,0.284533,-0.49946339,0
388,9.161295318,3.924893384,0.284533,-0.49946339,0
389,12.07563713,10.84160414,0.902534921,27.41336437,0
390,12.07563713,10.84160414,0.902534921,27.41336437,0
391,12.07563713,10.84160414,0.902534921,27.41336437,0
392,21.56053625,4.353589697,-0.603789401,232.5850658,0
393,21.56053625,4.353589697,-0.603789401,232.5850658,0
394,21.56053625,4.353589697,-0.603789401,232.5850658,0
395,223.2239458,4.273419047,0.409612973,149.8961825,1
396,265.4945976,2.901568273,-0.008519424,11.98205696,1
397,240.2162061,2.877146756,-0.185335791,-0.045678929,1
398,337.2668619,4.06588756,-0.53041545,0.426554007,1
399,272.419581,2.901415198,0.018387521,-8.602170245,1
400,239.1162987,3.968320516,0.139742149,-67.31252306,1
401,50.46529898,7.229805488,-0.244585189,0.144596167,1
402,49.14236454,7.170887401,0.196817926,-1422.785006,1
403,196.4474092,7.255050226,0.730833754,3565.281494,1
404,42.10573745,5.652602431,0.620328678,-1583.301905,1
405,2426.308081,10.9566253,-0.773879816,0.000216548,1
406,244.6828948,9.554148741,-0.576737175,0.426352002,0
407,36.0394891,6.283433277,0.298085987,0.719173466,1
408,35.78832027,6.080557243,-0.21260011,252.2644468,1
409,39.75033692,4.117050281,0.266958612,-17.94876028,1
410,24.97892682,11.96352606,-0.974673006,2.420048007,1
411,24.97892682,11.96352606,-0.974673006,2.420048007,1
412,24.97892682,11.96352606,-0.974673006,2.420048007,1
413,45.0007455,4.291807616,0.755133423,-42.91459622,1
414,45.0007455,4.291807616,0.755133423,-42.91459622,1
415,45.0007455,4.291807616,0.755133423,-42.91459622,1
416,20.57194526,8.543540436,-0.62659104,1.144000074,0
417,20.57194526,8.543540436,-0.62659104,1.144000074,0
418,20.57194526,8.543540436,-0.62659104,1.144000074,0
419,13.75297774,3.47535828,-0.487959345,-71.2109828,0
420,13.75297774,3.47535828,-0.487959345,-71.2109828,0
421,13.75297774,3.47535828,-0.487959345,-71.2109828,0
422,18.75900137,9.344312005,-0.212393752,-0.168889497,0
423,18.75900137,9.344312005,-0.212393752,-0.168889497,0
424,18.75900137,9.344312005,-0.212393752,-0.168889497,0
425,331.6277749,8.963883471,-0.984497623,-0.563684655,0
426,331.6277749,8.963883471,-0.984497623,-0.563684655,0
427,331.6277749,8.963883471,-0.984497623,-0.563684655,0
428,579.155257,5.543377573,-0.427629985,-0.418146368,1
429,11.29639197,1.719524708,0.269058172,-6.166742774,0
430,17.61467759,3.307859334,-0.375917133,-66.67498252,0
431,349.1146336,7.030230363,0.836112622,-0.180721031,1
432,129.1734274,7.076479681,0.677214721,62.36631345,1
433,67.96016258,7.643188985,0.117498968,-0.911247238,2
434,44.2960804,5.697250873,-0.272177226,-336.4803163,1
435,47.37998693,5.308589878,0.50046431,-537.3479723,0
436,47.37998693,5.308589878,0.50046431,-537.3479723,0
437,47.37998693,5.308589878,0.50046431,-537.3479723,0
438,40.56658965,6.418194319,0.222349183,-1.108791644,1
439,70.67463665,4.040170244,0.830667291,-65.73348014,1
440,24.32904788,5.086456731,-0.181937787,68.5238469,2
441,19.47792402,4.867155376,0.252289521,-268.1572189,1
442,20.06506069,4.869284567,-0.32511005,17.94517925,1
443,143.781803,7.314368545,-0.473930834,-1.858274734,1
444,94.20191453,3.738937279,0.455310808,-0.516342546,1
445,62.38014264,2.80934907,-0.890755575,196.6004708,1
446,39.51989623,2.330240353,0.379073379,19.94277533,1
447,85.95600191,1.259731575,-0.008451147,-5.177705274,1
448,58.24113905,3.329865788,0.54628165,-122.5453873,1
449,67.47814168,2.30357103,0.720016054,0.760835226,1
450,39.30417456,6.091676312,-0.472765593,-981.2567216,1
451,40.57775416,6.08046701,0.464861586,-98.31722729,1
452,53.30901661,6.057408072,0.323169824,3146.62534,1
453,39.16650595,6.078860028,0.452843246,-714.2180472,1
454,48.60956575,6.088744724,-0.592133782,-25.97636066,1
455,67.62616852,4.752038559,0.967149848,10.19442806,0
456,67.62616852,4.752038559,0.967149848,10.19442806,0
457,67.62616852,4.752038559,0.967149848,10.19442806,0
458,148.3671239,4.785395248,-0.885526397,22.63266889,0
459,148.3671239,4.785395248,-0.885526397,22.63266889,0
460,148.3671239,4.785395248,-0.885526397,22.63266889,0
461,39.55104098,5.831461377,0.162752823,11.60603125,1
462,310.1433973,4.131736983,0.967756141,-832.6770476,1
463,58.99333404,5.921668836,-0.116030118,-2933.461212,1
464,97.48907646,6.790486966,-0.418802405,4869.799585,1
465,90.87882664,6.831005761,-0.433282843,0.491378379,1
466,10.09963613,5.197106751,0.434485672,94.9402488,0
467,10.09963613,5.197106751,0.434485672,94.9402488,0
468,10.09963613,5.197106751,0.434485672,94.9402488,0
469,25.15216378,8.157269675,-0.146136174,8786.326214,0
470,25.15216378,8.157269675,-0.146136174,8786.326214,0
471,25.15216378,8.157269675,-0.146136174,8786.326214,0
472,37.81128114,7.164042914,0.335466095,1.355207668,1
473,34.60297321,7.134825413,0.297955169,57.66270166,1
474,46.91946097,4.113038918,-0.278406411,285.5609315,1
475,42.6155463,5.822941342,0.40489209,-588.1877888,0
476,42.6155463,5.822941342,0.40489209,-588.1877888,0
477,42.6155463,5.822941342,0.40489209,-588.1877888,0
478,33.15072241,11.4318585,-0.819894536,0.087666053,0
479,33.15072241,11.4318585,-0.819894536,0.087666053,0
480,33.15072241,11.4318585,-0.819894536,0.087666053,0
481,162.0499339,2.373652368,-0.115631536,12.16308722,2
482,139.509735,1.960170894,0.142691892,0.234093754,2
483,913.4915862,1.990923927,-0.725960996,2.939579696,2
484,138.5266648,1.963887693,0.165702737,-11.97815255,2
485,145.2724468,1.964056743,0.122993408,-12.05992118,2
486,80.86312416,2.76206852,-0.401773538,93.61080953,2
487,133.7879253,6.183009694,0.843160263,-6.433209923,2
488,66.86083347,4.377348756,0.194722206,480.0117937,2
489,68.59900493,2.431424755,-0.450769826,-17.9603451,2
490,8.347929812,5.419325213,0.293626665,19.47865044,1
491,11.65790706,7.598501096,0.321019298,-5549.499916,2
492,11.65790706,7.598501096,0.321019298,-5549.499916,2
493,11.65790706,7.598501096,0.321019298,-5549.499916,2
494,7.956917455,8.226901245,0.710877123,5.342188159,2
495,7.956917455,8.226901245,0.710877123,5.342188159,2
496,7.956917455,8.226901245,0.710877123,5.342188159,2
497,197.4566908,7.257645587,0.203785342,7216.5251,1
498,12.91423833,7.596807089,-0.193067736,-1.326975782,0
499,12.91423833,7.596807089,-0.193067736,-1.326975782,0
500,12.91423833,7.596807089,-0.193067736,-1.326975782,0
501,13.21379457,7.795234769,0.409894632,52.93610556,0
502,13.21379457,7.795234769,0.409894632,52.93610556,0
503,13.21379457,7.795234769,0.409894632,52.93610556,0
504,25.04073015,3.482741375,0.743358055,-39.52182383,0
505,25.04073015,3.482741375,0.743358055,-39.52182383,0
506,25.04073015,3.482741375,0.743358055,-39.52182383,0
507,20.00032773,8.222725268,0.507912308,-1.76227616,1
508,70.84378678,6.122992467,0.083461464,-4.595092535,1
509,13.87633302,8.393079751,0.362125324,1.861220469,0
510,13.87633302,8.393079751,0.362125324,1.861220469,0
511,13.87633302,8.393079751,0.362125324,1.861220469,0
512,22.72017798,5.309458088,-0.462867225,20.0243641,0
513,281.9367649,6.349694671,0.734631013,-0.715790626,1
514,353.5192085,6.278261098,0.889668088,-1.838512591,1
515,39.88746837,3.28550001,0.057721877,-119.1936085,1
516,10.83304674,4.428272527,0.177457352,-277.7215119,0
517,739.5486877,6.269319176,0.819313868,-0.758456303,1
518,54.92031787,6.59466211,0.101403208,7.18967288,1
519,56.03279315,6.439223609,-0.021486006,1.4323073,1
520,26.53180631,7.10899115,-0.38342951,-163.4533494,1
521,39.08485679,4.953736927,0.105758627,-137.3999686,1
522,97.323316,4.949584203,-0.976112075,0.18958727,0
523,4.096111842,6.016227348,-0.179197265,-2729.829026,0
524,124.7316963,7.354538516,-0.294268111,7.921773843,1
525,152.937354,8.405037403,-0.283071942,38670.29106,1
526,90.03167862,6.617972654,0.392757156,-14125.93212,1
527,47.96245862,5.631646344,0.427625593,-20.37942767,0
528,611.9634676,5.395181539,0.823231878,-1734.403512,0
529,42.1161921,2.336085754,-0.022528111,-47.20291385,1
530,4.870588655,5.099095461,0.73260416,435.6010755,1
531,1.375678675,3.730630303,0.981218416,-1.035377773,1
532,12.64200707,8.518936735,0.776384941,1.235652818,1
533,32.53961848,6.028660223,-0.058147802,2.895383921,1
534,58.13316781,2.889841572,-0.048698517,-0.822489628,2
535,163.4566325,5.937712109,-0.046839411,3.906175478,1
536,158.1717524,5.947618597,-0.073734633,876.4937948,1
537,185.6946829,5.939776445,0.065821435,32.55025579,1
538,19.89642048,5.606821741,0.229009069,0.15461273,1
539,146.8164901,7.927554315,-0.191610832,-2.547847977,2
540,140.3693042,7.39015843,0.216630112,-1.245801994,2
541,27.62346924,4.841097069,0.528873948,-119.0446807,0
542,23.37438474,5.404823008,-0.224610565,20.64309984,1
543,63.61579535,8.020958727,-0.844014946,2958.463902,0
544,12.23388453,6.143209111,0.343032473,-492.1193475,1
545,2.303962643,3.910185408,0.267319038,216.4520819,0
546,5.210568789,5.413776805,0.54307502,1303.095116,0
547,9.564019236,4.88354757,0.254005571,1.120701731,0
548,110.3297736,5.059849393,0.047646975,371.6429984,1
549,9.024517451,5.941266025,0.68761083,9.438533666,0
550,966.8768289,1.36812578,-0.891904716,-9.223939157,1
551,25.27147849,2.900273803,-0.476550198,-38.1170968,1
552,162.4065436,7.66188941,0.482891749,-0.382844346,0
553,140.0486392,7.151647781,-0.266558809,2.184957072,0
554,169.1635635,7.974901445,0.551843149,-0.33957682,0
555,148.2769358,7.38826234,0.407696054,-0.418857652,0
556,134.069646,6.976501559,-0.288174555,8.158775678,0
557,6.402988868,5.417546224,-0.804554186,88.53348835,0
558,92.28933946,4.855107798,-0.967644358,823.4611834,0
559,11.02474357,10.77774573,0.951837176,-211.4824835,0
560,11.78559077,5.939688615,0.303505521,-12.67364553,0
561,27706.41035,4.030682452,-0.91612449,191.5176495,0
562,2.783182294,4.138719845,0.944128146,-357.1627962,1
563,16.5557755,4.130326107,0.618971656,173.7671958,1
564,18.74742572,3.523449093,0.29332898,-113.9871818,1
565,17.0486732,4.128167215,0.562971142,186.7161484,1
566,30.35778063,4.13234905,0.892939085,-1.671446289,1
567,2.246429018,4.13193714,0.975776939,-425.6046169,1
568,16.2134038,4.130222924,0.672469723,-83.88606245,1
569,19.77417704,5.187065022,0.083980815,-2599.441116,1
570,46.47547514,5.032714528,-0.168071086,48.46985169,2
571,42.75256515,5.048134774,-0.19692381,-1.858424846,2
572,32.71086159,5.037521676,-0.081605665,-69.15316513,2
573,27.19389112,4.874049112,0.200848666,-113.8279105,0
574,293.0466719,5.970328611,0.939046103,0.19715277,0
575,202.2351489,2.91182751,-0.308244433,-121.5649713,2
576,565.0986684,4.097471664,-0.895564872,-18.36549834,2
577,195.9152179,4.00749947,0.672434802,198.6306139,2
578,206.5931698,4.007502781,-0.729772937,233.169806,2
579,199.1498852,4.008091844,0.682725679,54.08008648,0
580,179.5644233,7.737636382,0.404933457,0.499616071,2
581,190.6698221,7.611413142,0.333346454,0.148552504,2
582,154.7486588,7.46889938,0.225735521,0.182681914,2
583,61.90341839,2.653029811,0.451137403,33.31039541,2
584,187.3137281,7.656704839,0.352656138,-0.014595991,2
585,181.7465534,7.294085133,0.341105719,6.956394972,2
586,192.8687643,7.392408954,-0.563858332,-1.830544859,2
587,155.7863804,3.954249082,0.890788403,-7.049196614,2
588,178.531657,7.635768193,0.259796178,12.8025547,2
589,171.4578981,7.692167207,0.39933848,-0.041572243,2
590,196.2666495,6.557356864,0.033902723,-0.385333341,1
591,204.6035688,6.544295196,-0.068148623,-239.4478816,1
592,203.2259695,7.086806726,0.494358084,-0.393569206,2
593,2.551143439,2.264540483,-0.123848365,11.90444685,2
594,127.4715377,5.57667985,0.25097892,-25.50567836,1
595,106.8589035,5.588804902,0.280362171,-183.0599118,1
596,116.368078,5.552427657,0.101383452,187.0978915,1
597,102.170133,5.577923291,0.276763309,-101.3385589,1
598,118.4428405,5.577256614,0.269218666,-69.74086609,1
599,41.59407321,1.392411667,0.058596647,-10.88186159,0
600,98.97603522,6.869858609,0.741317056,1.693024049,0
601,41.59407321,1.392411667,0.058596647,-10.88186159,0
602,5008.052769,1.394140567,-0.063099664,-6.79607426,0
603,4865.857907,1.386727296,0.081904271,-9.327003519,0
604,77.86668618,6.073395306,0.708168351,-0.250502603,2
605,19.02064015,6.718855606,0.058024853,-31.65441129,1
606,18.32322998,6.720022233,0.044818331,-0.996080265,1
607,6.23167542,4.482767792,0.990855278,1224.102425,0
608,3.122520881,2.747256944,-0.394155456,-50.1056814,1
609,4.325502927,2.744761714,0.121085327,116.3529156,1
610,46.9564173,5.875313542,-0.041394763,-7.931148175,1
611,4331.035255,9.338455534,0.79165044,51.57106252,0
612,125.6138124,3.609435134,0.073946376,10.33646879,1
613,121.7485234,3.608524463,0.156821342,5.180628171,1
614,397.1128453,5.915452625,0.435171273,-2.274866304,0
615,48.44544196,6.765838659,0.880590457,12.57477475,1
616,50.59667792,6.86315608,0.706524509,-0.48157828,1
617,14.7863204,6.212488901,0.39037876,0.079052423,1
618,24.97183457,5.852194833,0.058539934,36.9877044,2
619,33.69802703,3.780733545,0.404373106,-2.163469871,1
620,62.28683857,4.34113095,0.62479124,0.32832583,1
621,24.16283192,2.172621546,0.143824883,-10.63816723,1
622,2.023607561,3.197785776,0.492169697,37.0118405,0
623,8.585977044,4.108499623,-0.476171469,65.16380165,0
624,75.41839408,5.161637436,0.820700596,84.39866099,0
625,32.185306,3.810040802,-0.691777362,-734.7772349,1
626,25.66972656,2.282875432,0.431605012,-25.28681702,1
627,8.675857102,7.257875767,-0.206010163,-0.785265514,2
628,54.37503708,5.844578848,-0.311737315,-102.2024046,2
629,118.3032258,6.59244804,0.125506485,-328.5987755,1
630,998.4003091,7.98196864,-0.128794762,-0.007126837,1
631,29.28683049,6.637798108,0.244334002,-7.514367642,1
632,5.071290532,4.279069821,-0.593785923,152.0933028,0
633,10.17389002,5.852990587,-0.243355202,332.9181748,0
634,14.92736542,5.219426395,0.112714003,-67.87564198,0
635,32.25405328,2.202133951,0.799541043,-62.44772835,1
636,6.94979538,4.964009756,0.283390814,25.4331712,1
637,289.7867086,7.119790009,0.733422831,6.311195925,1
638,118.086028,7.146187201,0.484208879,6.282818378,1
639,115.2341988,4.960525022,0.321435116,-74.96882944,1
640,103.9602109,7.160928281,0.50030078,37.61781336,1
641,45.19609415,4.778758922,-0.290308741,-0.231310253,1
642,42.02908865,4.781596491,0.325353156,-71.16661229,1
643,46.40732883,4.779164895,-0.377942097,13.33726145,1
644,33.65155215,6.93913602,-0.878672887,-1662.642047,2
645,26.46692469,6.655689709,0.369524582,-14009.05902,1
646,43.20546294,6.431867885,0.527267865,-1.403651191,2
647,79.04123464,1.640266115,0.648962007,-5.95478396,1
648,34.19542563,3.090945643,0.169268799,-72.67286041,1
649,5730.675668,5.082536485,0.261953857,-31.97185969,0
650,33.76412383,6.417001592,-0.41094825,12.88802219,2
651,50.81570992,7.589430607,-0.489261349,-0.442228359,1
652,21.75951715,6.076030527,-0.13514226,36.0587551,0
653,9.713506353,4.436168948,0.173030565,321.0371248,0
654,155.9800049,4.324237068,-0.09988376,146.8052107,1
655,165.3805872,2.780536685,0.978548389,-117.5817391,1
656,145.7388805,0.950974769,-0.297783204,4.146131324,1
657,3.891406551,2.158662319,0.086618754,-10.99985466,2
658,2.219115581,5.258990055,0.431310713,-54.12835674,2
659,10.51393233,4.656368019,-0.598178682,112.3116573,2
660,7.824621586,7.382967996,0.220002881,-7.410842427,0
661,109.7331166,6.199075036,0.867966938,0.060806674,0
662,30.02838129,7.63539879,0.033981811,5275.3612,1
663,31.85103271,7.709734905,0.100050335,-14.01672689,1
664,41.83461683,7.690361824,0.186836202,-0.180542632,1
665,42.58074607,8.203389362,0.268867841,-1.777335202,1
666,79.44698675,10.10286222,0.656644386,3.350432813,1
667,384.5495444,5.096491684,0.751853843,100.4373896,0
668,64.29433523,7.138679905,-0.256452362,264.7508546,1
669,132.7019081,5.930146535,0.15409109,7.1859391,2
670,198.9406841,4.836287365,0.790005877,-14.84951098,2
671,16.32507187,7.495427518,-0.055356572,72.87252482,1
672,84.31518489,6.241596677,-0.449256805,-2086.870408,2
673,102.1993932,3.790980731,-0.577295146,6.060672295,2
674,107.7852508,7.606903926,0.467571215,-1.945488802,2
675,45.027547,3.836651305,-0.946168437,-248.1344866,1
676,8.00070382,4.259098845,0.996798406,464.8982969,1
677,53.93709514,1.255632095,0.028067947,0.779150944,1
678,65.70060829,2.684838619,0.039435055,41.42312858,0
679,77.75432072,2.683772026,0.078658548,-10.76221173,0
680,74.74611143,2.684532904,-0.05183487,26.42981862,0
681,73.78413349,6.068743026,-0.085497615,6.050425756,1
682,21.01738194,5.17667548,0.080973514,-928.805942,1
683,19.8003124,3.306826475,-0.625204683,-170.7306213,1
684,4.102282159,3.251805394,0.674252702,-0.3820153,2
685,26.03300803,7.583130545,0.594516746,-2383.747828,1
686,1469.500974,2.700438402,0.887540942,-0.296480352,1
687,340.4099407,3.693528942,-0.421818591,287.2044858,1
688,886.5109241,4.058483669,0.714126938,-0.316658429,1
689,329.5631802,3.604617797,0.744275088,24.51373138,1
690,196.3446212,3.765914495,-0.239035314,-46.56974155,1
691,306.5084873,4.468000026,0.825047,36.7684167,1
692,312.0236112,4.586469471,0.837946775,17.88945545,1
693,171.7740774,6.85146038,0.48983489,541.8304479,1
694,58.39495773,5.215160205,-0.017905302,68.99253679,1
695,64.06676671,5.422088858,0.610733241,26.79927613,2
696,302.327998,3.793654443,0.949961227,226.6427603,1
697,79.25182795,2.880057094,0.913578275,42.94758314,1
698,48.99872245,3.481086912,0.599765977,-0.181285895,1
699,58.01181583,1.093825914,-0.008202056,5.674205561,1
700,3.25065538,3.67805794,-0.523002624,85.9805318,0
701,16.8246765,4.437396462,-0.245869655,-39.66137146,0
702,71.67471835,5.414454387,0.471882205,-0.174059637,1
703,68.90458234,9.061613011,-0.983654793,-4.110247945,1
704,65.94973612,5.42742195,0.28744192,18.91647296,1
705,57.16070263,5.429209317,0.250070149,-43.37609958,1
706,63.57141387,5.425406543,0.313222469,12.86785219,1
707,208.7872282,0.759654441,-0.010158045,0.900429834,1
708,102.4157842,7.332586313,0.905455817,19.49205927,1
709,401.1271992,7.330761899,0.947364469,-0.857190681,1
710,6.650251823,6.310645738,-0.827836671,58.74729477,0
711,6.52608634,3.605698954,0.234802229,-0.855106986,0
712,11.0415208,4.261418995,0.752002297,0.250228797,0
713,39.95550141,2.589098649,-0.727408895,0.674551855,1
714,38.63225228,2.062522797,0.651368373,-7.757922019,1
715,30.77827018,2.427011166,0.442703133,-26.96124439,1
716,32.55294657,1.516217067,0.228144103,1.033845469,1
717,36.79522568,7.823838811,-0.089429471,4.224374586,1
718,28.17859855,7.674777461,0.213317514,0.174282295,1
719,270.0337422,5.547956886,0.679594874,-2.889257173,1
720,229.189042,4.871732702,-0.462884661,6.293615736,1
721,248.396838,4.871358501,-0.414931956,-37.68240576,1
722,240.8788102,3.770690929,-0.478061939,-62.514507,1
723,17.99510929,5.02746072,-0.303784661,137.5468495,0
724,23.03570921,5.985899061,0.440536824,-1289.378784,0
725,104.5125882,5.786743117,0.330547152,42.46214323,2
726,107.6910442,5.780740202,-0.327404858,856.3650118,2
727,84.41120832,5.538890753,0.382333329,-1.268437989,2
728,95.27676839,5.741051677,0.215318568,-0.264849015,2
729,106.086316,5.783912691,0.353697799,-26.55184963,2
730,18.18615937,4.965063373,0.14719287,-0.485168024,1
731,23.43973423,6.23057004,0.193897678,-0.562119983,2
732,53.677939,6.990798559,0.053859859,-1.607652418,0
733,50.2600302,6.974329792,0.137935777,96.65581082,0
734,58.15000807,6.99676223,-0.104405889,98.53221821,0
735,113.4627475,6.454092525,-0.370612607,5.994692589,1
736,20.7860386,6.211564936,-0.708896567,1107.721058,1
737,164.3082205,2.935803906,0.915238195,-112.5379612,0
738,59.42323358,5.487903177,0.251441934,243.2009551,0
739,76.62535322,4.166995823,0.2698215,0.244752305,0
740,13.94408888,6.085526242,-0.067213963,-752.5583723,1
741,8.986921856,4.565807692,0.397495194,111.6024599,1
742,24.71610992,4.05064885,-0.166070881,-105.2043774,1
743,422.4441568,1.898363892,-0.152632373,-6.72620894,2
744,329.8393333,2.154902471,0.137015308,0.125070927,2
745,37.75006468,3.723224076,0.312435993,217.7832816,0
746,149.422285,4.715708863,-0.291428158,-525.8982111,1
747,87.77833063,7.135906554,-0.248938686,-7513.338475,0
748,63.61838584,7.128001161,-0.154745701,-39.46373487,0
749,84843.9643,2.149356495,0,0,0
750,80311.96596,2.068447653,0,0,0
751,297.6261139,6.235106791,-0.725722788,2021.570857,0
752,296.728552,6.25402245,0.699299301,-2030.96492,0
753,64.51636524,5.739978125,0.322051631,-3470.847791,0
754,70.83165148,5.77081477,-0.200392646,-0.971541918,0
755,56.27557544,5.712925176,0.17605673,37.16335695,0
756,24.5219554,7.100149738,0.140339152,3.495149029,0
757,167.4105664,0.9980727,0.02255755,0.202165838,1
758,39.023127,6.484321582,-0.424867237,-18.36407898,0
759,25.42042368,5.477914065,0.072641805,-50.10001686,0
760,38.00006391,6.365318331,0.292438565,-1526.38171,0
761,192.0135047,6.516003098,0.160875122,1.154193041,0
762,119.6701339,1.526232324,0.246157072,-0.399197843,1
763,432.8675843,1.05963839,0.503197631,4.366207085,1
764,94.84987943,4.101988712,0.928479616,0.802097444,1
765,117.6332642,1.466726144,-0.299626732,-0.64355855,1
766,151.8772687,1.476989753,0.414912278,-3.356169574,1
767,1767.016757,1.33603891,0.792618564,-3.489961283,1
768,303.1684941,0.364269487,0.119320301,1.342578495,1
769,112.3094576,2.312173834,-0.470211764,162.1391731,1
770,1049.185288,2.660183186,-0.969438489,-4.494199324,0
771,23.4256477,4.064843008,-0.714557917,106.6056956,0
772,35.09954057,5.23378689,0.222833949,-74.30599145,0
773,33.41899098,7.396082591,0.137777036,32.49493789,0
774,327.3086411,0.362983307,-0.195525348,-1.921936608,0
775,197.025575,7.723787114,0.654827667,-0.506089893,0
776,46.93232639,6.379612325,-0.059293688,20.52790152,0
777,2.48965602,5.384871862,-0.705535978,50.15029726,1
778,1.526286119,2.549476352,0.205915886,-17.20563749,1
779,65.07613491,3.685038219,0.060225869,-57.52428246,0
780,39.3502997,7.246344721,-0.356593541,8160.115796,0
781,19.80386198,7.180530598,-0.040254744,1198.298218,0
782,19.9979928,7.237714879,-0.142445875,-1.502564706,0
783,308.3661228,3.971230356,0.508292869,-120.8498726,0
784,82.23909316,4.834070343,-0.536307814,-1.29066036,0
785,84.40791463,5.036256082,-0.169818922,42.46992649,0
786,422.0615508,2.054003914,0.261606199,0.324888937,0
787,122.7390427,0.301045532,0.147406641,-0.469427685,1
788,175.0133541,0.827789667,-0.124565351,2.720161487,1
789,43.83141205,0.609296351,0,0,1
790,347.321339,0.270966102,-0.106372864,1.995603059,1
791,34.24602471,5.164189702,0,0,1
792,167.3653319,1.589899162,0.781374271,13.04545436,1
793,195.6845612,1.270617426,0.039763342,2.00572984,0
794,57.75473462,5.490152972,-0.09742418,44.73857041,0
795,53.03876777,5.48767865,-0.148790392,133.0120582,2
796,63.78908183,3.59849681,0.467960482,468.9881827,0
797,100.1024345,7.224027171,-0.533507777,-0.269506267,2
798,60.22146636,5.488078434,0.234312921,48.39614809,2
799,566.4251439,1.133244373,-0.007164937,3.273473756,1
800,2839051.837,3.339298816,-0.985795199,109525.3242,1
801,193.6991577,0.695332548,0.023070205,0.117994508,1
802,98.73180858,0.33537577,0.175241582,-1.445929954,1
803,223.9004265,0.086392438,-0.033707861,1.313697802,1
804,246.9709078,2.447548458,0.147712901,-20.96432391,1
805,59.91685213,1.472626867,0.242587568,-0.750273372,1
806,995.4523725,0.809190463,-0.096844864,1.209312077,1
807,64.29941901,1.320814511,0.022017029,-4.932515549,1
808,159.009527,0.864239157,-0.163529902,-0.197191332,1
809,165.4363234,0.755945211,0.399421735,3.75927373,1
810,1245.314484,0.829000547,0.233016705,-7.176708703,1
811,3819.140144,2.033833551,-0.670106614,25.16131891,1
812,5679.721379,2.372907273,-0.894750411,-19.36011947,1
813,1250.215496,2.186094378,0.603097822,-11.63783512,1
814,260.7968294,0.628747064,-0.150805069,11.53647144,1
815,285.3672231,0.486865977,-0.081513377,3.374244002,1
816,45.04572301,1.656625315,0.468561057,-0.879813241,1
817,109.9053031,1.235944228,-0.365826643,-0.402768041,1
818,96.20809905,1.59358667,-0.073576099,-3.869032252,1
819,71.87827137,4.917149034,0.262089208,0.10195799,0
820,75.00563008,0.300776569,0.643262677,0.921422405,0
821,1506.15663,1.160578626,-0.292471576,2.950805124,1
822,1255.958565,2.087930903,0.603954346,-43.16672996,1
823,1000.03539,1.481935614,0.229267964,15.03563963,1
824,2374.688722,0.413848128,-0.345238165,2.720840179,1
825,226.6497314,1.414536838,0.42615166,5.131868698,1
826,134.6474855,1.447206579,-0.13954609,7.593732602,1
827,45.9,1.458898471,0.044,113,2
828,145.33,3.789538937,0.4686,-24.03,2
829,18.97,6.358188827,0.095,216,2
830,91.1,2.535282857,0.02,223,2
831,46.6,3.402929215,0.2,215,2
832,55.3,2.9643448,0.02,185,2
833,7.73,1.344148574,0.101,248,2
834,2.58,2.393719293,0.05593,90.59,2
835,30.7,5.786897381,0.066,146,2
836,38.37,3.722797672,0.38,258.1,2
837,45.5,4.487512143,0.05,138.1,2
838,40,6.115450527,0.09,9.2,2
839,21.99,7.802658929,0.266,288.31,2
840,30.9,6.407374913,0.087,133,2
841,73.6,5.864199196,0.17,285,2
842,24.9,5.832468816,0.097,350,2
843,21.2,6.73459166,0.25,50,2
844,10.42,1.586742804,0.218,19,2
845,106.04,1.070298544,0.0133,210,2
846,5.6,2.061061153,0.25,-64,2
847,12.2,6.497076604,0.14,74,2
848,467,2.22385028,0.59,60.1,2
849,3.55,3.49467628,0.2,-5.7,2
850,288.26,6.273273154,0.124,9.93,2
851,4.4,1.35397776,0,0,2
852,286.8,3.960834674,0.5134,64.1,2
853,30.5,3.336658861,0.14,50,2
854,309.7,0.763652241,0.011,17,2
855,82,5.290285195,0.06,50,2
856,4.19,2.048982334,0.2,72.34,2
857,2.56,1.870231714,0.066,249,2
858,6.25,1.271807775,0,90,2
859,3.84,2.472175957,0.36,-92.74,2
860,2.2,3.121421749,0.12,-91.04,2
861,36.52,6.475432717,0.33,16,2
862,3.63,2.256789291,0.093,239,2
863,4.26,1.772474708,0.07,145.8,2
864,3.95,2.644229644,0.09,117.45,2
865,4.61,1.184667653,0.45,-98.23,2
866,5.51,3.572697542,0.188,98,2
867,5.33,2.871698493,0,0,2
868,171.5,4.758714968,0.207,80.21,2
869,67.28,3.685017004,0.0373,270.6,2
870,2.02,1.591273942,0,77,2
871,3.08,1.559438517,0.09,62,2
872,3.33,2.85532012,0.11,10,2
873,2.99,2.860942947,0.08,86,2
874,1.68,2.437177173,0.094,55,2
875,92.1,1.689372491,0.129,227,2
876,34.1,6.249589067,0.011,201.6,2
877,39.6,5.794689033,0.587,141.5,2
878,22,6.028760332,0.21,187,2
879,39.01,5.883740129,0.06,6.08,2
880,3.36,2.3083,0,180,2
881,5.59,0.972902,0.8,84,1
882,376.7,2.75779,0.04,269,1
